{
    "Object0": {
        "Dimensions": [
            0.5,
            1.9499990940093994,
            1.0
        ],
        "Position": [
            2.000000238418579,
            -0.10000001639127731,
            -5.399999618530273
        ],
        "Rotation": [
            0.0,
            0.0,
            0.0
        ],
        "Type": "Cube"
    },
    "Object1": {
        "Dimensions": [
            0.5,
            1.6999993324279785,
            1.0
        ],
        "Position": [
            -1.8000003099441528,
            0.0,
            -5.0
        ],
        "Rotation": [
            0.0,
            0.0,
            0.0
        ],
        "Type": "Cube"
    }
}