{
    "BackBeam": {
        "Color": [
            255.0,
            255.0,
            255.0
        ],
        "Dimensions": [
            0.9999999403953552,
            0.6499999165534973,
            4.700003623962402
        ],
        "LightSource": 2,
        "Position": [
            -8.599996566772461,
            6.399996280670166,
            -18.00003433227539
        ],
        "Rotation": [
            0.0,
            720.0,
            0.0
        ],
        "Type": "Cube"
    },
    "BackWall": {
        "Color": [
            255.0,
            255.0,
            255.0
        ],
        "Dimensions": [
            0.9999999403953552,
            3.0999982357025146,
            1.0
        ],
        "LightSource": 2,
        "Position": [
            -8.599996566772461,
            2.6999995708465576,
            -21.700048446655273
        ],
        "Rotation": [
            0.0,
            0.0,
            0.0
        ],
        "Type": "Cube"
    },
    "BedFrameBottomeam": {
        "Color": [
            0.0,
            0.0,
            0.0
        ],
        "Dimensions": [
            0.04999978467822075,
            0.24999983608722687,
            4.249998092651367
        ],
        "LightSource": -1,
        "Position": [
            3.899998426437378,
            0.7000000476837158,
            -10.100005149841309
        ],
        "Rotation": [
            10.0,
            -10.0,
            0.0
        ],
        "Type": "Cube"
    },
    "BedFrameMiddleBeam": {
        "Color": [
            0.0,
            0.0,
            0.0
        ],
        "Dimensions": [
            0.04999978467822075,
            0.24999983608722687,
            4.249998092651367
        ],
        "LightSource": -1,
        "Position": [
            4.2999982833862305,
            -1.2000000476837158,
            -10.100005149841309
        ],
        "Rotation": [
            10.0,
            -10.0,
            0.0
        ],
        "Type": "Cube"
    },
    "BedFramePillar": {
        "Color": [
            182.0,
            146.0,
            112.0
        ],
        "Dimensions": [
            0.2499997764825821,
            3.0499980449676514,
            0.14999988675117493
        ],
        "LightSource": -1,
        "Position": [
            4.2999982833862305,
            -1.3000001907348633,
            -12.900015830993652
        ],
        "Rotation": [
            10.0,
            0.0,
            0.0
        ],
        "Type": "Cube"
    },
    "BedFrameTopBeam": {
        "Color": [
            0.0,
            0.0,
            0.0
        ],
        "Dimensions": [
            0.04999978467822075,
            0.24999983608722687,
            4.249998092651367
        ],
        "LightSource": -1,
        "Position": [
            4.199998378753662,
            -2.499999761581421,
            -10.100005149841309
        ],
        "Rotation": [
            10.0,
            -5.0,
            0.0
        ],
        "Type": "Cube"
    },
    "Plates": {
        "Color": [
            0.0,
            0.0,
            0.0
        ],
        "Dimensions": [
            0.29999983310699463,
            0.09999978542327881,
            0.1999998688697815
        ],
        "LightSource": 0,
        "Position": [
            -8.399995803833008,
            2.8999993801116943,
            -18.700037002563477
        ],
        "Rotation": [
            5.0,
            0.0,
            0.0
        ],
        "Type": "Cube"
    },
    "DeskBackLeg": {
        "Color": [
            173.0,
            107.0,
            75.0
        ],
        "Dimensions": [
            3.2999980449676514,
            1.9999990463256836,
            2.2499988079071045
        ],
        "LightSource": 1,
        "Position": [
            -0.7999999523162842,
            -1.6000001430511475,
            -16.00002670288086
        ],
        "Rotation": [
            -175.0,
            0.0,
            0.0
        ],
        "Type": "Cube"
    },
    "DeskBottomDrawer": {
        "Color": [
            173.0,
            107.0,
            75.0
        ],
        "Dimensions": [
            0.7499998807907104,
            0.6499998569488525,
            0.6999998688697815
        ],
        "LightSource": 1,
        "Position": [
            2.999999523162842,
            -2.5,
            -10.300004005432129
        ],
        "Rotation": [
            10.0,
            180.0,
            0.0
        ],
        "Type": "Cube"
    },
    "DeskLeftLeg": {
        "Color": [
            173.0,
            107.0,
            75.0
        ],
        "Dimensions": [
            0.09999984502792358,
            1.6499993801116943,
            0.9499988555908203
        ],
        "LightSource": 1,
        "Position": [
            -3.4999985694885254,
            -1.600000262260437,
            -10.500006675720215
        ],
        "Rotation": [
            5.0,
            0.0,
            0.0
        ],
        "Type": "Cube"
    },
    "DeskMiddleDrawer": {
        "Color": [
            173.0,
            107.0,
            75.0
        ],
        "Dimensions": [
            0.7499998807907104,
            0.29999977350234985,
            0.6999998688697815
        ],
        "LightSource": 1,
        "Position": [
            2.999999523162842,
            -1.2999999523162842,
            -10.100004196166992
        ],
        "Rotation": [
            10.0,
            180.0,
            0.0
        ],
        "Type": "Cube"
    },
    "DeskRightLeg": {
        "Color": [
            173.0,
            107.0,
            75.0
        ],
        "Dimensions": [
            0.949999988079071,
            1.6499993801116943,
            0.9499988555908203
        ],
        "LightSource": 1,
        "Position": [
            2.999999523162842,
            -1.700000286102295,
            -10.500006675720215
        ],
        "Rotation": [
            10.0,
            0.0,
            0.0
        ],
        "Type": "Cube"
    },
    "DeskTop": {
        "Color": [
            205.0,
            181.0,
            150.0
        ],
        "Dimensions": [
            3.749997615814209,
            0.09999978542327881,
            2.49999737739563
        ],
        "LightSource": 1,
        "Position": [
            0.20000013709068298,
            0.4999999701976776,
            -11.50001049041748
        ],
        "Rotation": [
            375.0,
            -180.0,
            0.0
        ],
        "Type": "Cube"
    },
    "DeskTopDrawer": {
        "Color": [
            173.0,
            107.0,
            75.0
        ],
        "Dimensions": [
            0.7499998807907104,
            0.2499997764825821,
            0.6999998688697815
        ],
        "LightSource": 1,
        "Position": [
            2.999999523162842,
            -0.49999991059303284,
            -9.900004386901855
        ],
        "Rotation": [
            10.0,
            180.0,
            0.0
        ],
        "Type": "Cube"
    },
    "ForegroundWall": {
        "Color": [
            218.0,
            218.0,
            218.0
        ],
        "Dimensions": [
            7.350009918212891,
            2.5499987602233887,
            6.000007152557373
        ],
        "LightSource": 0,
        "Position": [
            1.7999995946884155,
            1.5000001192092896,
            -19.50004005432129
        ],
        "Rotation": [
            270.0,
            180.0,
            0.0
        ],
        "Type": "Cube"
    },
    "ForegroundWallCorner": {
        "Color": [
            148.0,
            150.0,
            139.0
        ],
        "Dimensions": [
            0.09999996423721313,
            6.350006103515625,
            0.04999992623925209
        ],
        "LightSource": 0,
        "Position": [
            -4.0999979972839355,
            2.9999992847442627,
            -12.800015449523926
        ],