{
    "BackgroundBeam": {
        "Color": [
            255.0,
            255.0,
            255.0
        ],
        "Dimensions": [
            0.8000000715255737,
            6.650007247924805,
            2.2999985218048096
        ],
        "Position": [
            -11.100006103515625,
            7.499995231628418,
            -18.60003662109375
        ],
        "Rotation": [
            630.0,
            -450.0,
            0.0
        ],
        "Type": "Cube",
        "LightSource": 2
    },
    "BackgroundWall": {
        "Color": [
            255.0,
            255.0,
            255.0
        ],
        "Dimensions": [
            1.0500000715255737,
            4.049997329711914,
            2.2999987602233887
        ],
        "Position": [
            -11.100006103515625,
            2.799999475479126,
            -24.200057983398438
        ],
        "Rotation": [
            0.0,
            -90.0,
            0.0
        ],
        "Type": "Cube",
        "LightSource": 2
    },
    "DeskBottomDrawer": {
        "Color": [
            173.0,
            107.0,
            75.0
        ],
        "Dimensions": [
            0.7499998807907104,
            0.6499998569488525,
            0.6999998688697815
        ],
        "Position": [
            2.999999523162842,
            -2.5,
            -10.300004005432129
        ],
        "Rotation": [
            10.0,
            180.0,
            0.0
        ],
        "Type": "Cube",
        "LightSource": 1
    },
    "DeskLeftLeg": {
        "Color": [
            173.0,
            107.0,
            75.0
        ],
        "Dimensions": [
            0.09999984502792358,
            1.6499993801116943,
            0.9499988555908203
        ],
        "Position": [
            -3.399998664855957,
            -1.700000286102295,
            -10.500006675720215
        ],
        "Rotation": [
            5.0,
            0.0,
            0.0
        ],
        "Type": "Cube",
        "LightSource": 1
    },
    "DeskMiddleDrawer": {
        "Color": [
            173.0,
            107.0,
            75.0
        ],
        "Dimensions": [
            0.7499998807907104,
            0.29999977350234985,
            0.6999998688697815
        ],
        "Position": [
            2.999999523162842,
            -1.2999999523162842,
            -10.100004196166992
        ],
        "Rotation": [
            10.0,
            180.0,
            0.0
        ],
        "Type": "Cube",
        "LightSource": 1
    },
    "DeskRightLeg": {
        "Color": [
            173.0,
            107.0,
            75.0
        ],
        "Dimensions": [
            0.949999988079071,
            1.6499993801116943,
            0.9499988555908203
        ],
        "Position": [
            2.999999523162842,
            -1.700000286102295,
            -10.500006675720215
        ],
        "Rotation": [
            10.0,
            0.0,
            0.0
        ],
        "Type": "Cube",
        "LightSource": 1
    },
    "DeskTop": {
        "Color": [
            205.0,
            181.0,
            150.0
        ],
        "Dimensions": [
            3.749997615814209,
            0.09999978542327881,
            2.49999737739563
        ],
        "Position": [
            0.20000013709068298,
            0.4999999701976776,
            -11.50001049041748
        ],
        "Rotation": [
            375.0,
            -180.0,
            0.0
        ],
        "Type": "Cube",
        "LightSource": 1
    },
    "DeskTopDrawer": {
        "Color": [
            173.0,
            107.0,
            75.0
        ],
        "Dimensions": [
            0.7499998807907104,
            0.2499997764825821,
            0.6999998688697815
        ],
        "Position": [
            2.999999523162842,
            -0.49999991059303284,
            -9.900004386901855
        ],
        "Rotation": [
            10.0,
            180.0,
            0.0
        ],
        "Type": "Cube",
        "LightSource": 1
    },
    "ForegroundWall": {
        "Color": [
            255.0,
            255.0,
            255.0
        ],
        "Dimensions": [
            7.350009918212891,
            2.5499987602233887,
            6.000007152557373
        ],
        "Position": [
            1.7999995946884155,
            1.5000001192092896,
            -19.000038146972656
        ],
        "Rotation": [
            270.0,
            180.0,
            0.0
        ],
        "Type": "Cube",
        "LightSource":0
    },
    "ForegroundWallCorner": {
        "Color": [
            148.0,
            150.0,
            139.0
        ],
        "Dimensions": [
            0.09999996423721313,
            6.350006103515625,
            0.04999992623925209
        ],
        "Position": [
            -4.199997901916504,
            2.9999992847442627,
            -12.300013542175293
        ],
        "Rotation": [
            720.0,
            -525.0,
            0.0
        ],
        "Type": "Cube",
        "LightSource": 0
    }
}
